﻿Date,Price,Open,High,Low,Vol.,Change %,Industry_type,Stock_price
Jan 19,1035.62,994.45,1056.80,988.94,280.50M,4.09%,CA Føde- drikke- og tobaksvareindustri,618
Feb 19,1100.56,1041.05,1104.53,1041.05,270.80M,6.27%,CA Føde- drikke- og tobaksvareindustri,649
Mar 19,1122.87,1101.34,1139.39,1100.29,243.35M,2.03%,CA Føde- drikke- og tobaksvareindustri,666
Apr 19,1149.69,1123.39,1161.80,1123.39,237.93M,2.39%,CA Føde- drikke- og tobaksvareindustri,672
May 19,1097.12,1151.09,1157.96,1094.74,302.44M,-4.57%,CA Føde- drikke- og tobaksvareindustri,685
Jun 19,1122.77,1096.56,1146.86,1076.68,294.42M,2.34%,CA Føde- drikke- og tobaksvareindustri,655
Jul 19,1124.37,1122.85,1163.51,1116.47,242.62M,0.14%,CA Føde- drikke- og tobaksvareindustri,672
Aug 19,1133.69,1124.19,1147.81,1086.52,314.68M,0.83%,CA Føde- drikke- og tobaksvareindustri,720
Sep 19,1141.65,1133.90,1162.17,1122.68,288.18M,0.70%,CA Føde- drikke- og tobaksvareindustri,720
Oct 19,1149.41,1142.29,1159.70,1092.23,283.47M,0.68%,CA Føde- drikke- og tobaksvareindustri,669
Nov 19,1218.78,1149.82,1227.83,1148.95,310.75M,6.04%,CA Føde- drikke- og tobaksvareindustri,700
Dec 19,1253.90,1219.24,1265.38,1212.24,208.96M,2.88%,CA Føde- drikke- og tobaksvareindustri,711
Jan 20,1277.80,1254.21,1304.56,1219.64,273.48M,1.91%,CA Føde- drikke- og tobaksvareindustri,710
Feb 20,1218.70,1276.29,1390.30,1201.33,324.51M,-4.63%,CA Føde- drikke- og tobaksvareindustri,650
Mar 20,1126.50,1243.34,1292.59,959.72,628.71M,-7.57%,CA Føde- drikke- og tobaksvareindustri,590
Apr 20,1234.96,1112.50,1246.19,1095.65,386.22M,9.63%,CA Føde- drikke- og tobaksvareindustri,657
May 20,1327.01,1218.45,1336.64,1201.10,393.90M,7.45%,CA Føde- drikke- og tobaksvareindustri,684
Jun 20,1347.89,1341.32,1380.37,1285.87,362.80M,1.57%,CA Føde- drikke- og tobaksvareindustri,704
Jul 20,1423.63,1352.95,1481.03,1345.79,276.37M,5.62%,CA Føde- drikke- og tobaksvareindustri,761
Aug 20,1479.43,1421.41,1495.07,1419.77,264.79M,3.92%,CA Føde- drikke- og tobaksvareindustri,749
Sep 20,1508.36,1481.69,1516.25,1425.86,275.52M,1.96%,CA Føde- drikke- og tobaksvareindustri,739
Oct 20,1485.11,1513.79,1605.89,1453.16,280.09M,-1.54%,CA Føde- drikke- og tobaksvareindustri,692
Nov 20,1596.78,1496.98,1629.67,1476.99,369.86M,7.52%,CA Føde- drikke- og tobaksvareindustri,728
Dec 20,1676.67,1596.83,1696.16,1550.15,262.77M,5.00%,CA Føde- drikke- og tobaksvareindustri,770
Jan 21,1612.51,1688.28,1716.25,1562.23,302.49M,-3.83%,CA Føde- drikke- og tobaksvareindustri,688
Feb 21,1606.86,1624.01,1718.31,1591.09,260.42M,-0.35%,CA Føde- drikke- og tobaksvareindustri,711
Mar 21,1689.80,1626.38,1702.77,1533.93,338.98M,5.16%,CA Føde- drikke- og tobaksvareindustri,738
Apr 21,1766.36,1704.77,1812.53,1677.97,259.97M,4.53%,CA Føde- drikke- og tobaksvareindustri,803
May 21,1793.05,1773.64,1815.78,1710.61,324.85M,1.51%,CA Føde- drikke- og tobaksvareindustri,817
Jun 21,1860.41,1797.37,1879.07,1768.64,291.59M,3.76%,CA Føde- drikke- og tobaksvareindustri,845
Jul 21,1925.60,1875.60,1938.04,1855.74,278.61M,3.50%,CA Føde- drikke- og tobaksvareindustri,858
Aug 21,1975.24,1931.97,2023.45,1915.99,287.50M,2.58%,CA Føde- drikke- og tobaksvareindustri,831
Sep 21,1880.62,1989.58,2021.42,1877.43,270.41M,-4.79%,CA Føde- drikke- og tobaksvareindustri,783
Oct 21,1971.32,1861.32,1981.68,1801.92,269.99M,4.82%,CA Føde- drikke- og tobaksvareindustri,791
Nov 21,1882.55,1980.79,2020.69,1852.94,338.74M,-4.50%,CA Føde- drikke- og tobaksvareindustri,736
Dec 21,1965.65,1886.86,1972.09,1807.49,269.75M,4.41%,CA Føde- drikke- og tobaksvareindustri,794
Jan 19,1035.62,994.45,1056.80,988.94,280.50M,4.09%,Sundhedsvæsen,384
Feb 19,1100.56,1041.05,1104.53,1041.05,270.80M,6.27%,Sundhedsvæsen,404
Mar 19,1122.87,1101.34,1139.39,1100.29,243.35M,2.03%,Sundhedsvæsen,453
Apr 19,1149.69,1123.39,1161.80,1123.39,237.93M,2.39%,Sundhedsvæsen,455
May 19,1097.12,1151.09,1157.96,1094.74,302.44M,-4.57%,Sundhedsvæsen,408
Jun 19,1122.77,1096.56,1146.86,1076.68,294.42M,2.34%,Sundhedsvæsen,424
Jul 19,1124.37,1122.85,1163.51,1116.47,242.62M,0.14%,Sundhedsvæsen,444
Aug 19,1133.69,1124.19,1147.81,1086.52,314.68M,0.83%,Sundhedsvæsen,462
Sep 19,1141.65,1133.90,1162.17,1122.68,288.18M,0.70%,Sundhedsvæsen,469
Oct 19,1149.41,1142.29,1159.70,1092.23,283.47M,0.68%,Sundhedsvæsen,456
Nov 19,1218.78,1149.82,1227.83,1148.95,310.75M,6.04%,Sundhedsvæsen,459
Dec 19,1253.90,1219.24,1265.38,1212.24,208.96M,2.88%,Sundhedsvæsen,469
Jan 20,1277.80,1254.21,1304.56,1219.64,273.48M,1.91%,Sundhedsvæsen,487
Feb 20,1218.70,1276.29,1390.30,1201.33,324.51M,-4.63%,Sundhedsvæsen,529
Mar 20,1126.50,1243.34,1292.59,959.72,628.71M,-7.57%,Sundhedsvæsen,576
Apr 20,1234.96,1112.50,1246.19,1095.65,386.22M,9.63%,Sundhedsvæsen,645
May 20,1327.01,1218.45,1336.64,1201.10,393.90M,7.45%,Sundhedsvæsen,674
Jun 20,1347.89,1341.32,1380.37,1285.87,362.80M,1.57%,Sundhedsvæsen,618
Jul 20,1423.63,1352.95,1481.03,1345.79,276.37M,5.62%,Sundhedsvæsen,648
Aug 20,1479.43,1421.41,1495.07,1419.77,264.79M,3.92%,Sundhedsvæsen,621
Sep 20,1508.36,1481.69,1516.25,1425.86,275.52M,1.96%,Sundhedsvæsen,592
Oct 20,1485.11,1513.79,1605.89,1453.16,280.09M,-1.54%,Sundhedsvæsen,563
Nov 20,1596.78,1496.98,1629.67,1476.99,369.86M,7.52%,Sundhedsvæsen,570
Dec 20,1676.67,1596.83,1696.16,1550.15,262.77M,5.00%,Sundhedsvæsen,596
Jan 21,1612.51,1688.28,1716.25,1562.23,302.49M,-3.83%,Sundhedsvæsen,604
Feb 21,1606.86,1624.01,1718.31,1591.09,260.42M,-0.35%,Sundhedsvæsen,612
Mar 21,1689.80,1626.38,1702.77,1533.93,338.98M,5.16%,Sundhedsvæsen,626
Apr 21,1766.36,1704.77,1812.53,1677.97,259.97M,4.53%,Sundhedsvæsen,685
May 21,1793.05,1773.64,1815.78,1710.61,324.85M,1.51%,Sundhedsvæsen,594
Jun 21,1860.41,1797.37,1879.07,1768.64,291.59M,3.76%,Sundhedsvæsen,635
Jul 21,1925.60,1875.60,1938.04,1855.74,278.61M,3.50%,Sundhedsvæsen,690
Aug 21,1975.24,1931.97,2023.45,1915.99,287.50M,2.58%,Sundhedsvæsen,645
Sep 21,1880.62,1989.58,2021.42,1877.43,270.41M,-4.79%,Sundhedsvæsen,598
Oct 21,1971.32,1861.32,1981.68,1801.92,269.99M,4.82%,Sundhedsvæsen,616
Nov 21,1882.55,1980.79,2020.69,1852.94,338.74M,-4.50%,Sundhedsvæsen,629
Dec 21,1965.65,1886.86,1972.09,1807.49,269.75M,4.41%,Sundhedsvæsen,662
Jan 19,1035.62,994.45,1056.80,988.94,280.50M,4.09%,Forskning og Udvikling,446
Feb 19,1100.56,1041.05,1104.53,1041.05,270.80M,6.27%,Forskning og Udvikling,516
Mar 19,1122.87,1101.34,1139.39,1100.29,243.35M,2.03%,Forskning og Udvikling,524
Apr 19,1149.69,1123.39,1161.80,1123.39,237.93M,2.39%,Forskning og Udvikling,509
May 19,1097.12,1151.09,1157.96,1094.74,302.44M,-4.57%,Forskning og Udvikling,529
Jun 19,1122.77,1096.56,1146.86,1076.68,294.42M,2.34%,Forskning og Udvikling,547
Jul 19,1124.37,1122.85,1163.51,1116.47,242.62M,0.14%,Forskning og Udvikling,571
Aug 19,1133.69,1124.19,1147.81,1086.52,314.68M,0.83%,Forskning og Udvikling,605
Sep 19,1141.65,1133.90,1162.17,1122.68,288.18M,0.70%,Forskning og Udvikling,608
Oct 19,1149.41,1142.29,1159.70,1092.23,283.47M,0.68%,Forskning og Udvikling,633
Nov 19,1218.78,1149.82,1227.83,1148.95,310.75M,6.04%,Forskning og Udvikling,680
Dec 19,1253.90,1219.24,1265.38,1212.24,208.96M,2.88%,Forskning og Udvikling,648
Jan 20,1277.80,1254.21,1304.56,1219.64,273.48M,1.91%,Forskning og Udvikling,698
Feb 20,1218.70,1276.29,1390.30,1201.33,324.51M,-4.63%,Forskning og Udvikling,680
Mar 20,1126.50,1243.34,1292.59,959.72,628.71M,-7.57%,Forskning og Udvikling,598
Apr 20,1234.96,1112.50,1246.19,1095.65,386.22M,9.63%,Forskning og Udvikling,711
May 20,1327.01,1218.45,1336.64,1201.10,393.90M,7.45%,Forskning og Udvikling,876
Jun 20,1347.89,1341.32,1380.37,1285.87,362.80M,1.57%,Forskning og Udvikling,928
Jul 20,1423.63,1352.95,1481.03,1345.79,276.37M,5.62%,Forskning og Udvikling,911
Aug 20,1479.43,1421.41,1495.07,1419.77,264.79M,3.92%,Forskning og Udvikling,982
Sep 20,1508.36,1481.69,1516.25,1425.86,275.52M,1.96%,Forskning og Udvikling,966
Oct 20,1485.11,1513.79,1605.89,1453.16,280.09M,-1.54%,Forskning og Udvikling,894
Nov 20,1596.78,1496.98,1629.67,1476.99,369.86M,7.52%,Forskning og Udvikling,979
Dec 20,1676.67,1596.83,1696.16,1550.15,262.77M,5.00%,Forskning og Udvikling,1000
Jan 21,1612.51,1688.28,1716.25,1562.23,302.49M,-3.83%,Forskning og Udvikling,1013
Feb 21,1606.86,1624.01,1718.31,1591.09,260.42M,-0.35%,Forskning og Udvikling,891
Mar 21,1689.80,1626.38,1702.77,1533.93,338.98M,5.16%,Forskning og Udvikling,927
Apr 21,1766.36,1704.77,1812.53,1677.97,259.97M,4.53%,Forskning og Udvikling,998
May 21,1793.05,1773.64,1815.78,1710.61,324.85M,1.51%,Forskning og Udvikling,1057
Jun 21,1860.41,1797.37,1879.07,1768.64,291.59M,3.76%,Forskning og Udvikling,1099
Jul 21,1925.60,1875.60,1938.04,1855.74,278.61M,3.50%,Forskning og Udvikling,1194
Aug 21,1975.24,1931.97,2023.45,1915.99,287.50M,2.58%,Forskning og Udvikling,1267
Sep 21,1880.62,1989.58,2021.42,1877.43,270.41M,-4.79%,Forskning og Udvikling,1192
Oct 21,1971.32,1861.32,1981.68,1801.92,269.99M,4.82%,Forskning og Udvikling,1222
Nov 21,1882.55,1980.79,2020.69,1852.94,338.74M,-4.50%,Forskning og Udvikling,1120
Dec 21,1965.65,1886.86,1972.09,1807.49,269.75M,4.41%,Forskning og Udvikling,1145
Jan 19,1035.62,994.45,1056.80,988.94,280.50M,4.09%,K Finansiering og forsikring,165
Feb 19,1100.56,1041.05,1104.53,1041.05,270.80M,6.27%,K Finansiering og forsikring,176
Mar 19,1122.87,1101.34,1139.39,1100.29,243.35M,2.03%,K Finansiering og forsikring,172
Apr 19,1149.69,1123.39,1161.80,1123.39,237.93M,2.39%,K Finansiering og forsikring,182
May 19,1097.12,1151.09,1157.96,1094.74,302.44M,-4.57%,K Finansiering og forsikring,176
Jun 19,1122.77,1096.56,1146.86,1076.68,294.42M,2.34%,K Finansiering og forsikring,166
Jul 19,1124.37,1122.85,1163.51,1116.47,242.62M,0.14%,K Finansiering og forsikring,159
Aug 19,1133.69,1124.19,1147.81,1086.52,314.68M,0.83%,K Finansiering og forsikring,146
Sep 19,1141.65,1133.90,1162.17,1122.68,288.18M,0.70%,K Finansiering og forsikring,157
Oct 19,1149.41,1142.29,1159.70,1092.23,283.47M,0.68%,K Finansiering og forsikring,155
Nov 19,1218.78,1149.82,1227.83,1148.95,310.75M,6.04%,K Finansiering og forsikring,156
Dec 19,1253.90,1219.24,1265.38,1212.24,208.96M,2.88%,K Finansiering og forsikring,168
Jan 20,1277.80,1254.21,1304.56,1219.64,273.48M,1.91%,K Finansiering og forsikring,176
Feb 20,1218.70,1276.29,1390.30,1201.33,324.51M,-4.63%,K Finansiering og forsikring,161
Mar 20,1126.50,1243.34,1292.59,959.72,628.71M,-7.57%,K Finansiering og forsikring,126
Apr 20,1234.96,1112.50,1246.19,1095.65,386.22M,9.63%,K Finansiering og forsikring,135
May 20,1327.01,1218.45,1336.64,1201.10,393.90M,7.45%,K Finansiering og forsikring,138
Jun 20,1347.89,1341.32,1380.37,1285.87,362.80M,1.57%,K Finansiering og forsikring,144
Jul 20,1423.63,1352.95,1481.03,1345.79,276.37M,5.62%,K Finansiering og forsikring,149
Aug 20,1479.43,1421.41,1495.07,1419.77,264.79M,3.92%,K Finansiering og forsikring,144
Sep 20,1508.36,1481.69,1516.25,1425.86,275.52M,1.96%,K Finansiering og forsikring,140
Oct 20,1485.11,1513.79,1605.89,1453.16,280.09M,-1.54%,K Finansiering og forsikring,138
Nov 20,1596.78,1496.98,1629.67,1476.99,369.86M,7.52%,K Finansiering og forsikring,159
Dec 20,1676.67,1596.83,1696.16,1550.15,262.77M,5.00%,K Finansiering og forsikring,161
Jan 21,1612.51,1688.28,1716.25,1562.23,302.49M,-3.83%,K Finansiering og forsikring,162
Feb 21,1606.86,1624.01,1718.31,1591.09,260.42M,-0.35%,K Finansiering og forsikring,177
Mar 21,1689.80,1626.38,1702.77,1533.93,338.98M,5.16%,K Finansiering og forsikring,190
Apr 21,1766.36,1704.77,1812.53,1677.97,259.97M,4.53%,K Finansiering og forsikring,187
May 21,1793.05,1773.64,1815.78,1710.61,324.85M,1.51%,K Finansiering og forsikring,189
Jun 21,1860.41,1797.37,1879.07,1768.64,291.59M,3.76%,K Finansiering og forsikring,189
Jul 21,1925.60,1875.60,1938.04,1855.74,278.61M,3.50%,K Finansiering og forsikring,190
Aug 21,1975.24,1931.97,2023.45,1915.99,287.50M,2.58%,K Finansiering og forsikring,179
Sep 21,1880.62,1989.58,2021.42,1877.43,270.41M,-4.79%,K Finansiering og forsikring,177
Oct 21,1971.32,1861.32,1981.68,1801.92,269.99M,4.82%,K Finansiering og forsikring,192
Nov 21,1882.55,1980.79,2020.69,1852.94,338.74M,-4.50%,K Finansiering og forsikring,198
Dec 21,1965.65,1886.86,1972.09,1807.49,269.75M,4.41%,K Finansiering og forsikring,204
Jan 19,1035.62,994.45,1056.80,988.94,280.50M,4.09%,CI Elektronikindustri,243
Feb 19,1100.56,1041.05,1104.53,1041.05,270.80M,6.27%,CI Elektronikindustri,257
Mar 19,1122.87,1101.34,1139.39,1100.29,243.35M,2.03%,CI Elektronikindustri,253
Apr 19,1149.69,1123.39,1161.80,1123.39,237.93M,2.39%,CI Elektronikindustri,275
May 19,1097.12,1151.09,1157.96,1094.74,302.44M,-4.57%,CI Elektronikindustri,269
Jun 19,1122.77,1096.56,1146.86,1076.68,294.42M,2.34%,CI Elektronikindustri,255
Jul 19,1124.37,1122.85,1163.51,1116.47,242.62M,0.14%,CI Elektronikindustri,260
Aug 19,1133.69,1124.19,1147.81,1086.52,314.68M,0.83%,CI Elektronikindustri,245
Sep 19,1141.65,1133.90,1162.17,1122.68,288.18M,0.70%,CI Elektronikindustri,227
Oct 19,1149.41,1142.29,1159.70,1092.23,283.47M,0.68%,CI Elektronikindustri,236
Nov 19,1218.78,1149.82,1227.83,1148.95,310.75M,6.04%,CI Elektronikindustri,264
Dec 19,1253.90,1219.24,1265.38,1212.24,208.96M,2.88%,CI Elektronikindustri,262
Jan 20,1277.80,1254.21,1304.56,1219.64,273.48M,1.91%,CI Elektronikindustri,277
Feb 20,1218.70,1276.29,1390.30,1201.33,324.51M,-4.63%,CI Elektronikindustri,291
Mar 20,1126.50,1243.34,1292.59,959.72,628.71M,-7.57%,CI Elektronikindustri,227
Apr 20,1234.96,1112.50,1246.19,1095.65,386.22M,9.63%,CI Elektronikindustri,237
May 20,1327.01,1218.45,1336.64,1201.10,393.90M,7.45%,CI Elektronikindustri,276
Jun 20,1347.89,1341.32,1380.37,1285.87,362.80M,1.57%,CI Elektronikindustri,264
Jul 20,1423.63,1352.95,1481.03,1345.79,276.37M,5.62%,CI Elektronikindustri,290
Aug 20,1479.43,1421.41,1495.07,1419.77,264.79M,3.92%,CI Elektronikindustri,319
Sep 20,1508.36,1481.69,1516.25,1425.86,275.52M,1.96%,CI Elektronikindustri,340
Oct 20,1485.11,1513.79,1605.89,1453.16,280.09M,-1.54%,CI Elektronikindustri,331
Nov 20,1596.78,1496.98,1629.67,1476.99,369.86M,7.52%,CI Elektronikindustri,372
Dec 20,1676.67,1596.83,1696.16,1550.15,262.77M,5.00%,CI Elektronikindustri,363
Jan 21,1612.51,1688.28,1716.25,1562.23,302.49M,-3.83%,CI Elektronikindustri,345
Feb 21,1606.86,1624.01,1718.31,1591.09,260.42M,-0.35%,CI Elektronikindustri,386
Mar 21,1689.80,1626.38,1702.77,1533.93,338.98M,5.16%,CI Elektronikindustri,384
Apr 21,1766.36,1704.77,1812.53,1677.97,259.97M,4.53%,CI Elektronikindustri,434
May 21,1793.05,1773.64,1815.78,1710.61,324.85M,1.51%,CI Elektronikindustri,425
Jun 21,1860.41,1797.37,1879.07,1768.64,291.59M,3.76%,CI Elektronikindustri,450
Jul 21,1925.60,1875.60,1938.04,1855.74,278.61M,3.50%,CI Elektronikindustri,466
Aug 21,1975.24,1931.97,2023.45,1915.99,287.50M,2.58%,CI Elektronikindustri,415
Sep 21,1880.62,1989.58,2021.42,1877.43,270.41M,-4.79%,CI Elektronikindustri,384
Oct 21,1971.32,1861.32,1981.68,1801.92,269.99M,4.82%,CI Elektronikindustri,351
Nov 21,1882.55,1980.79,2020.69,1852.94,338.74M,-4.50%,CI Elektronikindustri,345
Dec 21,1965.65,1886.86,1972.09,1807.49,269.75M,4.41%,CI Elektronikindustri,373
Jan 19,1035.62,994.45,1056.80,988.94,280.50M,4.09%,H Transport,5040
Feb 19,1100.56,1041.05,1104.53,1041.05,270.80M,6.27%,H Transport,5188
Mar 19,1122.87,1101.34,1139.39,1100.29,243.35M,2.03%,H Transport,4962
Apr 19,1149.69,1123.39,1161.80,1123.39,237.93M,2.39%,H Transport,5799
May 19,1097.12,1151.09,1157.96,1094.74,302.44M,-4.57%,H Transport,4867
Jun 19,1122.77,1096.56,1146.86,1076.68,294.42M,2.34%,H Transport,5469
Jul 19,1124.37,1122.85,1163.51,1116.47,242.62M,0.14%,H Transport,5153
Aug 19,1133.69,1124.19,1147.81,1086.52,314.68M,0.83%,H Transport,4882
Sep 19,1141.65,1133.90,1162.17,1122.68,288.18M,0.70%,H Transport,5236
Oct 19,1149.41,1142.29,1159.70,1092.23,283.47M,0.68%,H Transport,5743
Nov 19,1218.78,1149.82,1227.83,1148.95,310.75M,6.04%,H Transport,6340
Dec 19,1253.90,1219.24,1265.38,1212.24,208.96M,2.88%,H Transport,6469
Jan 20,1277.80,1254.21,1304.56,1219.64,273.48M,1.91%,H Transport,5475
Feb 20,1218.70,1276.29,1390.30,1201.33,324.51M,-4.63%,H Transport,4616
Mar 20,1126.50,1243.34,1292.59,959.72,628.71M,-7.57%,H Transport,4115
Apr 20,1234.96,1112.50,1246.19,1095.65,386.22M,9.63%,H Transport,4586
May 20,1327.01,1218.45,1336.64,1201.10,393.90M,7.45%,H Transport,4461
Jun 20,1347.89,1341.32,1380.37,1285.87,362.80M,1.57%,H Transport,5246
Jul 20,1423.63,1352.95,1481.03,1345.79,276.37M,5.62%,H Transport,5476
Aug 20,1479.43,1421.41,1495.07,1419.77,264.79M,3.92%,H Transport,6473
Sep 20,1508.36,1481.69,1516.25,1425.86,275.52M,1.96%,H Transport,6818
Oct 20,1485.11,1513.79,1605.89,1453.16,280.09M,-1.54%,H Transport,6892
Nov 20,1596.78,1496.98,1629.67,1476.99,369.86M,7.52%,H Transport,8513
Dec 20,1676.67,1596.83,1696.16,1550.15,262.77M,5.00%,H Transport,9088
Jan 21,1612.51,1688.28,1716.25,1562.23,302.49M,-3.83%,H Transport,8443
Feb 21,1606.86,1624.01,1718.31,1591.09,260.42M,-0.35%,H Transport,8914
Mar 21,1689.80,1626.38,1702.77,1533.93,338.98M,5.16%,H Transport,9930
Apr 21,1766.36,1704.77,1812.53,1677.97,259.97M,4.53%,H Transport,10433
May 21,1793.05,1773.64,1815.78,1710.61,324.85M,1.51%,H Transport,11468
Jun 21,1860.41,1797.37,1879.07,1768.64,291.59M,3.76%,H Transport,12303
Jul 21,1925.60,1875.60,1938.04,1855.74,278.61M,3.50%,H Transport,11904
Aug 21,1975.24,1931.97,2023.45,1915.99,287.50M,2.58%,H Transport,12175
Sep 21,1880.62,1989.58,2021.42,1877.43,270.41M,-4.79%,H Transport,11825
Oct 21,1971.32,1861.32,1981.68,1801.92,269.99M,4.82%,H Transport,12570
Nov 21,1882.55,1980.79,2020.69,1852.94,338.74M,-4.50%,H Transport,13324
Dec 21,1965.65,1886.86,1972.09,1807.49,269.75M,4.41%,H Transport,15586
Jan 19,1035.62,994.45,1056.80,988.94,280.50M,4.09%,CK Maskinindustri,305
Feb 19,1100.56,1041.05,1104.53,1041.05,270.80M,6.27%,CK Maskinindustri,315
Mar 19,1122.87,1101.34,1139.39,1100.29,243.35M,2.03%,CK Maskinindustri,286
Apr 19,1149.69,1123.39,1161.80,1123.39,237.93M,2.39%,CK Maskinindustri,334
May 19,1097.12,1151.09,1157.96,1094.74,302.44M,-4.57%,CK Maskinindustri,264
Jun 19,1122.77,1096.56,1146.86,1076.68,294.42M,2.34%,CK Maskinindustri,297
Jul 19,1124.37,1122.85,1163.51,1116.47,242.62M,0.14%,CK Maskinindustri,277
Aug 19,1133.69,1124.19,1147.81,1086.52,314.68M,0.83%,CK Maskinindustri,292
Sep 19,1141.65,1133.90,1162.17,1122.68,288.18M,0.70%,CK Maskinindustri,298
Oct 19,1149.41,1142.29,1159.70,1092.23,283.47M,0.68%,CK Maskinindustri,240
Nov 19,1218.78,1149.82,1227.83,1148.95,310.75M,6.04%,CK Maskinindustri,249
Dec 19,1253.90,1219.24,1265.38,1212.24,208.96M,2.88%,CK Maskinindustri,265
Jan 20,1277.80,1254.21,1304.56,1219.64,273.48M,1.91%,CK Maskinindustri,232
Feb 20,1218.70,1276.29,1390.30,1201.33,324.51M,-4.63%,CK Maskinindustri,230
Mar 20,1126.50,1243.34,1292.59,959.72,628.71M,-7.57%,CK Maskinindustri,154
Apr 20,1234.96,1112.50,1246.19,1095.65,386.22M,9.63%,CK Maskinindustri,179
May 20,1327.01,1218.45,1336.64,1201.10,393.90M,7.45%,CK Maskinindustri,183
Jun 20,1347.89,1341.32,1380.37,1285.87,362.80M,1.57%,CK Maskinindustri,191
Jul 20,1423.63,1352.95,1481.03,1345.79,276.37M,5.62%,CK Maskinindustri,188
Aug 20,1479.43,1421.41,1495.07,1419.77,264.79M,3.92%,CK Maskinindustri,181
Sep 20,1508.36,1481.69,1516.25,1425.86,275.52M,1.96%,CK Maskinindustri,181
Oct 20,1485.11,1513.79,1605.89,1453.16,280.09M,-1.54%,CK Maskinindustri,163
Nov 20,1596.78,1496.98,1629.67,1476.99,369.86M,7.52%,CK Maskinindustri,207
Dec 20,1676.67,1596.83,1696.16,1550.15,262.77M,5.00%,CK Maskinindustri,233
Jan 21,1612.51,1688.28,1716.25,1562.23,302.49M,-3.83%,CK Maskinindustri,216
Feb 21,1606.86,1624.01,1718.31,1591.09,260.42M,-0.35%,CK Maskinindustri,260
Mar 21,1689.80,1626.38,1702.77,1533.93,338.98M,5.16%,CK Maskinindustri,243
Apr 21,1766.36,1704.77,1812.53,1677.97,259.97M,4.53%,CK Maskinindustri,244
May 21,1793.05,1773.64,1815.78,1710.61,324.85M,1.51%,CK Maskinindustri,252
Jun 21,1860.41,1797.37,1879.07,1768.64,291.59M,3.76%,CK Maskinindustri,261
Jul 21,1925.60,1875.60,1938.04,1855.74,278.61M,3.50%,CK Maskinindustri,232
Aug 21,1975.24,1931.97,2023.45,1915.99,287.50M,2.58%,CK Maskinindustri,228
Sep 21,1880.62,1989.58,2021.42,1877.43,270.41M,-4.79%,CK Maskinindustri,224
Oct 21,1971.32,1861.32,1981.68,1801.92,269.99M,4.82%,CK Maskinindustri,245
Nov 21,1882.55,1980.79,2020.69,1852.94,338.74M,-4.50%,CK Maskinindustri,222
Dec 21,1965.65,1886.86,1972.09,1807.49,269.75M,4.41%,CK Maskinindustri,244
Jan 19,1035.62,994.45,1056.80,988.94,280.50M,4.09%,CF Medicinalindustri,295
Feb 19,1100.56,1041.05,1104.53,1041.05,270.80M,6.27%,CF Medicinalindustri,311
Mar 19,1122.87,1101.34,1139.39,1100.29,243.35M,2.03%,CF Medicinalindustri,318
Apr 19,1149.69,1123.39,1161.80,1123.39,237.93M,2.39%,CF Medicinalindustri,303
May 19,1097.12,1151.09,1157.96,1094.74,302.44M,-4.57%,CF Medicinalindustri,292
Jun 19,1122.77,1096.56,1146.86,1076.68,294.42M,2.34%,CF Medicinalindustri,297
Jul 19,1124.37,1122.85,1163.51,1116.47,242.62M,0.14%,CF Medicinalindustri,293
Aug 19,1133.69,1124.19,1147.81,1086.52,314.68M,0.83%,CF Medicinalindustri,300
Sep 19,1141.65,1133.90,1162.17,1122.68,288.18M,0.70%,CF Medicinalindustri,290
Oct 19,1149.41,1142.29,1159.70,1092.23,283.47M,0.68%,CF Medicinalindustri,298
Nov 19,1218.78,1149.82,1227.83,1148.95,310.75M,6.04%,CF Medicinalindustri,321
Dec 19,1253.90,1219.24,1265.38,1212.24,208.96M,2.88%,CF Medicinalindustri,321
Jan 20,1277.80,1254.21,1304.56,1219.64,273.48M,1.91%,CF Medicinalindustri,350
Feb 20,1218.70,1276.29,1390.30,1201.33,324.51M,-4.63%,CF Medicinalindustri,315
Mar 20,1126.50,1243.34,1292.59,959.72,628.71M,-7.57%,CF Medicinalindustri,306
Apr 20,1234.96,1112.50,1246.19,1095.65,386.22M,9.63%,CF Medicinalindustri,341
May 20,1327.01,1218.45,1336.64,1201.10,393.90M,7.45%,CF Medicinalindustri,347
Jun 20,1347.89,1341.32,1380.37,1285.87,362.80M,1.57%,CF Medicinalindustri,339
Jul 20,1423.63,1352.95,1481.03,1345.79,276.37M,5.62%,CF Medicinalindustri,324
Aug 20,1479.43,1421.41,1495.07,1419.77,264.79M,3.92%,CF Medicinalindustri,309
Sep 20,1508.36,1481.69,1516.25,1425.86,275.52M,1.96%,CF Medicinalindustri,325
Oct 20,1485.11,1513.79,1605.89,1453.16,280.09M,-1.54%,CF Medicinalindustri,296
Nov 20,1596.78,1496.98,1629.67,1476.99,369.86M,7.52%,CF Medicinalindustri,306
Dec 20,1676.67,1596.83,1696.16,1550.15,262.77M,5.00%,CF Medicinalindustri,318
Jan 21,1612.51,1688.28,1716.25,1562.23,302.49M,-3.83%,CF Medicinalindustri,322
Feb 21,1606.86,1624.01,1718.31,1591.09,260.42M,-0.35%,CF Medicinalindustri,337
Mar 21,1689.80,1626.38,1702.77,1533.93,338.98M,5.16%,CF Medicinalindustri,324
Apr 21,1766.36,1704.77,1812.53,1677.97,259.97M,4.53%,CF Medicinalindustri,322
May 21,1793.05,1773.64,1815.78,1710.61,324.85M,1.51%,CF Medicinalindustri,337
Jun 21,1860.41,1797.37,1879.07,1768.64,291.59M,3.76%,CF Medicinalindustri,363
Jul 21,1925.60,1875.60,1938.04,1855.74,278.61M,3.50%,CF Medicinalindustri,385
Aug 21,1975.24,1931.97,2023.45,1915.99,287.50M,2.58%,CF Medicinalindustri,407
Sep 21,1880.62,1989.58,2021.42,1877.43,270.41M,-4.79%,CF Medicinalindustri,398
Oct 21,1971.32,1861.32,1981.68,1801.92,269.99M,4.82%,CF Medicinalindustri,442
Nov 21,1882.55,1980.79,2020.69,1852.94,338.74M,-4.50%,CF Medicinalindustri,435
Dec 21,1965.65,1886.86,1972.09,1807.49,269.75M,4.41%,CF Medicinalindustri,452
Jan 19,1035.62,994.45,1056.80,988.94,280.50M,4.09%,S Andre serviceydelser m.v.,184
Feb 19,1100.56,1041.05,1104.53,1041.05,270.80M,6.27%,S Andre serviceydelser m.v.,205
Mar 19,1122.87,1101.34,1139.39,1100.29,243.35M,2.03%,S Andre serviceydelser m.v.,203
Apr 19,1149.69,1123.39,1161.80,1123.39,237.93M,2.39%,S Andre serviceydelser m.v.,207
May 19,1097.12,1151.09,1157.96,1094.74,302.44M,-4.57%,S Andre serviceydelser m.v.,188
Jun 19,1122.77,1096.56,1146.86,1076.68,294.42M,2.34%,S Andre serviceydelser m.v.,198
Jul 19,1124.37,1122.85,1163.51,1116.47,242.62M,0.14%,S Andre serviceydelser m.v.,189
Aug 19,1133.69,1124.19,1147.81,1086.52,314.68M,0.83%,S Andre serviceydelser m.v.,172
Sep 19,1141.65,1133.90,1162.17,1122.68,288.18M,0.70%,S Andre serviceydelser m.v.,170
Oct 19,1149.41,1142.29,1159.70,1092.23,283.47M,0.68%,S Andre serviceydelser m.v.,175
Nov 19,1218.78,1149.82,1227.83,1148.95,310.75M,6.04%,S Andre serviceydelser m.v.,156
Dec 19,1253.90,1219.24,1265.38,1212.24,208.96M,2.88%,S Andre serviceydelser m.v.,160
Jan 20,1277.80,1254.21,1304.56,1219.64,273.48M,1.91%,S Andre serviceydelser m.v.,164
Feb 20,1218.70,1276.29,1390.30,1201.33,324.51M,-4.63%,S Andre serviceydelser m.v.,121
Mar 20,1126.50,1243.34,1292.59,959.72,628.71M,-7.57%,S Andre serviceydelser m.v.,93
Apr 20,1234.96,1112.50,1246.19,1095.65,386.22M,9.63%,S Andre serviceydelser m.v.,102
May 20,1327.01,1218.45,1336.64,1201.10,393.90M,7.45%,S Andre serviceydelser m.v.,111
Jun 20,1347.89,1341.32,1380.37,1285.87,362.80M,1.57%,S Andre serviceydelser m.v.,105
Jul 20,1423.63,1352.95,1481.03,1345.79,276.37M,5.62%,S Andre serviceydelser m.v.,97
Aug 20,1479.43,1421.41,1495.07,1419.77,264.79M,3.92%,S Andre serviceydelser m.v.,96
Sep 20,1508.36,1481.69,1516.25,1425.86,275.52M,1.96%,S Andre serviceydelser m.v.,84
Oct 20,1485.11,1513.79,1605.89,1453.16,280.09M,-1.54%,S Andre serviceydelser m.v.,83
Nov 20,1596.78,1496.98,1629.67,1476.99,369.86M,7.52%,S Andre serviceydelser m.v.,114
Dec 20,1676.67,1596.83,1696.16,1550.15,262.77M,5.00%,S Andre serviceydelser m.v.,105
Jan 21,1612.51,1688.28,1716.25,1562.23,302.49M,-3.83%,S Andre serviceydelser m.v.,106
Feb 21,1606.86,1624.01,1718.31,1591.09,260.42M,-0.35%,S Andre serviceydelser m.v.,111
Mar 21,1689.80,1626.38,1702.77,1533.93,338.98M,5.16%,S Andre serviceydelser m.v.,118
Apr 21,1766.36,1704.77,1812.53,1677.97,259.97M,4.53%,S Andre serviceydelser m.v.,117
May 21,1793.05,1773.64,1815.78,1710.61,324.85M,1.51%,S Andre serviceydelser m.v.,118
Jun 21,1860.41,1797.37,1879.07,1768.64,291.59M,3.76%,S Andre serviceydelser m.v.,131
Jul 21,1925.60,1875.60,1938.04,1855.74,278.61M,3.50%,S Andre serviceydelser m.v.,148
Aug 21,1975.24,1931.97,2023.45,1915.99,287.50M,2.58%,S Andre serviceydelser m.v.,145
Sep 21,1880.62,1989.58,2021.42,1877.43,270.41M,-4.79%,S Andre serviceydelser m.v.,136
Oct 21,1971.32,1861.32,1981.68,1801.92,269.99M,4.82%,S Andre serviceydelser m.v.,128
Nov 21,1882.55,1980.79,2020.69,1852.94,338.74M,-4.50%,S Andre serviceydelser m.v.,118
Dec 21,1965.65,1886.86,1972.09,1807.49,269.75M,4.41%,S Andre serviceydelser m.v.,125
Jan 19,1035.62,994.45,1056.80,988.94,280.50M,4.09%,JC It- og informationstjenester,220
Feb 19,1100.56,1041.05,1104.53,1041.05,270.80M,6.27%,JC It- og informationstjenester,239
Mar 19,1122.87,1101.34,1139.39,1100.29,243.35M,2.03%,JC It- og informationstjenester,238
Apr 19,1149.69,1123.39,1161.80,1123.39,237.93M,2.39%,JC It- og informationstjenester,237
May 19,1097.12,1151.09,1157.96,1094.74,302.44M,-4.57%,JC It- og informationstjenester,259
Jun 19,1122.77,1096.56,1146.86,1076.68,294.42M,2.34%,JC It- og informationstjenester,264
Jul 19,1124.37,1122.85,1163.51,1116.47,242.62M,0.14%,JC It- og informationstjenester,265
Aug 19,1133.69,1124.19,1147.81,1086.52,314.68M,0.83%,JC It- og informationstjenester,273
Sep 19,1141.65,1133.90,1162.17,1122.68,288.18M,0.70%,JC It- og informationstjenester,273
Oct 19,1149.41,1142.29,1159.70,1092.23,283.47M,0.68%,JC It- og informationstjenester,285
Nov 19,1218.78,1149.82,1227.83,1148.95,310.75M,6.04%,JC It- og informationstjenester,286
Dec 19,1253.90,1219.24,1265.38,1212.24,208.96M,2.88%,JC It- og informationstjenester,317
Jan 20,1277.80,1254.21,1304.56,1219.64,273.48M,1.91%,JC It- og informationstjenester,306
Feb 20,1218.70,1276.29,1390.30,1201.33,324.51M,-4.63%,JC It- og informationstjenester,319
Mar 20,1126.50,1243.34,1292.59,959.72,628.71M,-7.57%,JC It- og informationstjenester,316
Apr 20,1234.96,1112.50,1246.19,1095.65,386.22M,9.63%,JC It- og informationstjenester,352
May 20,1327.01,1218.45,1336.64,1201.10,393.90M,7.45%,JC It- og informationstjenester,408
Jun 20,1347.89,1341.32,1380.37,1285.87,362.80M,1.57%,JC It- og informationstjenester,435
Jul 20,1423.63,1352.95,1481.03,1345.79,276.37M,5.62%,JC It- og informationstjenester,454
Aug 20,1479.43,1421.41,1495.07,1419.77,264.79M,3.92%,JC It- og informationstjenester,540
Sep 20,1508.36,1481.69,1516.25,1425.86,275.52M,1.96%,JC It- og informationstjenester,527
Oct 20,1485.11,1513.79,1605.89,1453.16,280.09M,-1.54%,JC It- og informationstjenester,531
Nov 20,1596.78,1496.98,1629.67,1476.99,369.86M,7.52%,JC It- og informationstjenester,578
Dec 20,1676.67,1596.83,1696.16,1550.15,262.77M,5.00%,JC It- og informationstjenester,623
Jan 21,1612.51,1688.28,1716.25,1562.23,302.49M,-3.83%,JC It- og informationstjenester,574
Feb 21,1606.86,1624.01,1718.31,1591.09,260.42M,-0.35%,JC It- og informationstjenester,552
Mar 21,1689.80,1626.38,1702.77,1533.93,338.98M,5.16%,JC It- og informationstjenester,604
Apr 21,1766.36,1704.77,1812.53,1677.97,259.97M,4.53%,JC It- og informationstjenester,644
May 21,1793.05,1773.64,1815.78,1710.61,324.85M,1.51%,JC It- og informationstjenester,707
Jun 21,1860.41,1797.37,1879.07,1768.64,291.59M,3.76%,JC It- og informationstjenester,713
Jul 21,1925.60,1875.60,1938.04,1855.74,278.61M,3.50%,JC It- og informationstjenester,775
Aug 21,1975.24,1931.97,2023.45,1915.99,287.50M,2.58%,JC It- og informationstjenester,813
Sep 21,1880.62,1989.58,2021.42,1877.43,270.41M,-4.79%,JC It- og informationstjenester,741
Oct 21,1971.32,1861.32,1981.68,1801.92,269.99M,4.82%,JC It- og informationstjenester,731
Nov 21,1882.55,1980.79,2020.69,1852.94,338.74M,-4.50%,JC It- og informationstjenester,699
Dec 21,1965.65,1886.86,1972.09,1807.49,269.75M,4.41%,JC It- og informationstjenester,705
Jan 19,1035.62,994.45,1056.80,988.94,280.50M,4.09%,D Energiforsyning,289
Feb 19,1100.56,1041.05,1104.53,1041.05,270.80M,6.27%,D Energiforsyning,293
Mar 19,1122.87,1101.34,1139.39,1100.29,243.35M,2.03%,D Energiforsyning,308
Apr 19,1149.69,1123.39,1161.80,1123.39,237.93M,2.39%,D Energiforsyning,315
May 19,1097.12,1151.09,1157.96,1094.74,302.44M,-4.57%,D Energiforsyning,322
Jun 19,1122.77,1096.56,1146.86,1076.68,294.42M,2.34%,D Energiforsyning,341
Jul 19,1124.37,1122.85,1163.51,1116.47,242.62M,0.14%,D Energiforsyning,364
Aug 19,1133.69,1124.19,1147.81,1086.52,314.68M,0.83%,D Energiforsyning,373
Sep 19,1141.65,1133.90,1162.17,1122.68,288.18M,0.70%,D Energiforsyning,372
Oct 19,1149.41,1142.29,1159.70,1092.23,283.47M,0.68%,D Energiforsyning,349
Nov 19,1218.78,1149.82,1227.83,1148.95,310.75M,6.04%,D Energiforsyning,377
Dec 19,1253.90,1219.24,1265.38,1212.24,208.96M,2.88%,D Energiforsyning,412
Jan 20,1277.80,1254.21,1304.56,1219.64,273.48M,1.91%,D Energiforsyning,436
Feb 20,1218.70,1276.29,1390.30,1201.33,324.51M,-4.63%,D Energiforsyning,413
Mar 20,1126.50,1243.34,1292.59,959.72,628.71M,-7.57%,D Energiforsyning,389
Apr 20,1234.96,1112.50,1246.19,1095.65,386.22M,9.63%,D Energiforsyning,403
May 20,1327.01,1218.45,1336.64,1201.10,393.90M,7.45%,D Energiforsyning,462
Jun 20,1347.89,1341.32,1380.37,1285.87,362.80M,1.57%,D Energiforsyning,450
Jul 20,1423.63,1352.95,1481.03,1345.79,276.37M,5.62%,D Energiforsyning,532
Aug 20,1479.43,1421.41,1495.07,1419.77,264.79M,3.92%,D Energiforsyning,537
Sep 20,1508.36,1481.69,1516.25,1425.86,275.52M,1.96%,D Energiforsyning,541
Oct 20,1485.11,1513.79,1605.89,1453.16,280.09M,-1.54%,D Energiforsyning,617
Nov 20,1596.78,1496.98,1629.67,1476.99,369.86M,7.52%,D Energiforsyning,690
Dec 20,1676.67,1596.83,1696.16,1550.15,262.77M,5.00%,D Energiforsyning,766
Jan 21,1612.51,1688.28,1716.25,1562.23,302.49M,-3.83%,D Energiforsyning,717
Feb 21,1606.86,1624.01,1718.31,1591.09,260.42M,-0.35%,D Energiforsyning,615
Mar 21,1689.80,1626.38,1702.77,1533.93,338.98M,5.16%,D Energiforsyning,643
Apr 21,1766.36,1704.77,1812.53,1677.97,259.97M,4.53%,D Energiforsyning,580
May 21,1793.05,1773.64,1815.78,1710.61,324.85M,1.51%,D Energiforsyning,580
Jun 21,1860.41,1797.37,1879.07,1768.64,291.59M,3.76%,D Energiforsyning,563
Jul 21,1925.60,1875.60,1938.04,1855.74,278.61M,3.50%,D Energiforsyning,581
Aug 21,1975.24,1931.97,2023.45,1915.99,287.50M,2.58%,D Energiforsyning,628
Sep 21,1880.62,1989.58,2021.42,1877.43,270.41M,-4.79%,D Energiforsyning,554
Oct 21,1971.32,1861.32,1981.68,1801.92,269.99M,4.82%,D Energiforsyning,593
Nov 21,1882.55,1980.79,2020.69,1852.94,338.74M,-4.50%,D Energiforsyning,533
Dec 21,1965.65,1886.86,1972.09,1807.49,269.75M,4.41%,D Energiforsyning,518
Jan 19,1035.62,994.45,1056.80,988.94,280.50M,4.09%,CM Møbel og anden industri mv.,282
Feb 19,1100.56,1041.05,1104.53,1041.05,270.80M,6.27%,CM Møbel og anden industri mv.,344
Mar 19,1122.87,1101.34,1139.39,1100.29,243.35M,2.03%,CM Møbel og anden industri mv.,311
Apr 19,1149.69,1123.39,1161.80,1123.39,237.93M,2.39%,CM Møbel og anden industri mv.,279
May 19,1097.12,1151.09,1157.96,1094.74,302.44M,-4.57%,CM Møbel og anden industri mv.,248
Jun 19,1122.77,1096.56,1146.86,1076.68,294.42M,2.34%,CM Møbel og anden industri mv.,234
Jul 19,1124.37,1122.85,1163.51,1116.47,242.62M,0.14%,CM Møbel og anden industri mv.,260
Aug 19,1133.69,1124.19,1147.81,1086.52,314.68M,0.83%,CM Møbel og anden industri mv.,289
Sep 19,1141.65,1133.90,1162.17,1122.68,288.18M,0.70%,CM Møbel og anden industri mv.,275
Oct 19,1149.41,1142.29,1159.70,1092.23,283.47M,0.68%,CM Møbel og anden industri mv.,329
Nov 19,1218.78,1149.82,1227.83,1148.95,310.75M,6.04%,CM Møbel og anden industri mv.,273
Dec 19,1253.90,1219.24,1265.38,1212.24,208.96M,2.88%,CM Møbel og anden industri mv.,290
Jan 20,1277.80,1254.21,1304.56,1219.64,273.48M,1.91%,CM Møbel og anden industri mv.,349
Feb 20,1218.70,1276.29,1390.30,1201.33,324.51M,-4.63%,CM Møbel og anden industri mv.,304
Mar 20,1126.50,1243.34,1292.59,959.72,628.71M,-7.57%,CM Møbel og anden industri mv.,221
Apr 20,1234.96,1112.50,1246.19,1095.65,386.22M,9.63%,CM Møbel og anden industri mv.,242
May 20,1327.01,1218.45,1336.64,1201.10,393.90M,7.45%,CM Møbel og anden industri mv.,334
Jun 20,1347.89,1341.32,1380.37,1285.87,362.80M,1.57%,CM Møbel og anden industri mv.,360
Jul 20,1423.63,1352.95,1481.03,1345.79,276.37M,5.62%,CM Møbel og anden industri mv.,400
Aug 20,1479.43,1421.41,1495.07,1419.77,264.79M,3.92%,CM Møbel og anden industri mv.,456
Sep 20,1508.36,1481.69,1516.25,1425.86,275.52M,1.96%,CM Møbel og anden industri mv.,458
Oct 20,1485.11,1513.79,1605.89,1453.16,280.09M,-1.54%,CM Møbel og anden industri mv.,506
Nov 20,1596.78,1496.98,1629.67,1476.99,369.86M,7.52%,CM Møbel og anden industri mv.,625
Dec 20,1676.67,1596.83,1696.16,1550.15,262.77M,5.00%,CM Møbel og anden industri mv.,681
Jan 21,1612.51,1688.28,1716.25,1562.23,302.49M,-3.83%,CM Møbel og anden industri mv.,593
Feb 21,1606.86,1624.01,1718.31,1591.09,260.42M,-0.35%,CM Møbel og anden industri mv.,600
Mar 21,1689.80,1626.38,1702.77,1533.93,338.98M,5.16%,CM Møbel og anden industri mv.,680
Apr 21,1766.36,1704.77,1812.53,1677.97,259.97M,4.53%,CM Møbel og anden industri mv.,702
May 21,1793.05,1773.64,1815.78,1710.61,324.85M,1.51%,CM Møbel og anden industri mv.,824
Jun 21,1860.41,1797.37,1879.07,1768.64,291.59M,3.76%,CM Møbel og anden industri mv.,843
Jul 21,1925.60,1875.60,1938.04,1855.74,278.61M,3.50%,CM Møbel og anden industri mv.,812
Aug 21,1975.24,1931.97,2023.45,1915.99,287.50M,2.58%,CM Møbel og anden industri mv.,754
Sep 21,1880.62,1989.58,2021.42,1877.43,270.41M,-4.79%,CM Møbel og anden industri mv.,780
Oct 21,1971.32,1861.32,1981.68,1801.92,269.99M,4.82%,CM Møbel og anden industri mv.,899
Nov 21,1882.55,1980.79,2020.69,1852.94,338.74M,-4.50%,CM Møbel og anden industri mv.,814
Dec 21,1965.65,1886.86,1972.09,1807.49,269.75M,4.41%,CM Møbel og anden industri mv.,815
Jan 19,1035.62,994.45,1056.80,988.94,280.50M,4.09%,F Bygge og anlæg,1744
Feb 19,1100.56,1041.05,1104.53,1041.05,270.80M,6.27%,F Bygge og anlæg,1601
Mar 19,1122.87,1101.34,1139.39,1100.29,243.35M,2.03%,F Bygge og anlæg,1559
Apr 19,1149.69,1123.39,1161.80,1123.39,237.93M,2.39%,F Bygge og anlæg,1778
May 19,1097.12,1151.09,1157.96,1094.74,302.44M,-4.57%,F Bygge og anlæg,1708
Jun 19,1122.77,1096.56,1146.86,1076.68,294.42M,2.34%,F Bygge og anlæg,1676
Jul 19,1124.37,1122.85,1163.51,1116.47,242.62M,0.14%,F Bygge og anlæg,1651
Aug 19,1133.69,1124.19,1147.81,1086.52,314.68M,0.83%,F Bygge og anlæg,1323
Sep 19,1141.65,1133.90,1162.17,1122.68,288.18M,0.70%,F Bygge og anlæg,1370
Oct 19,1149.41,1142.29,1159.70,1092.23,283.47M,0.68%,F Bygge og anlæg,1316
Nov 19,1218.78,1149.82,1227.83,1148.95,310.75M,6.04%,F Bygge og anlæg,1515
Dec 19,1253.90,1219.24,1265.38,1212.24,208.96M,2.88%,F Bygge og anlæg,1578
Jan 20,1277.80,1254.21,1304.56,1219.64,273.48M,1.91%,F Bygge og anlæg,1574
Feb 20,1218.70,1276.29,1390.30,1201.33,324.51M,-4.63%,F Bygge og anlæg,1561
Mar 20,1126.50,1243.34,1292.59,959.72,628.71M,-7.57%,F Bygge og anlæg,1230
Apr 20,1234.96,1112.50,1246.19,1095.65,386.22M,9.63%,F Bygge og anlæg,1430
May 20,1327.01,1218.45,1336.64,1201.10,393.90M,7.45%,F Bygge og anlæg,1876
Jun 20,1347.89,1341.32,1380.37,1285.87,362.80M,1.57%,F Bygge og anlæg,1795
Jul 20,1423.63,1352.95,1481.03,1345.79,276.37M,5.62%,F Bygge og anlæg,2052
Aug 20,1479.43,1421.41,1495.07,1419.77,264.79M,3.92%,F Bygge og anlæg,2370
Sep 20,1508.36,1481.69,1516.25,1425.86,275.52M,1.96%,F Bygge og anlæg,2440
Oct 20,1485.11,1513.79,1605.89,1453.16,280.09M,-1.54%,F Bygge og anlæg,2498
Nov 20,1596.78,1496.98,1629.67,1476.99,369.86M,7.52%,F Bygge og anlæg,2280
Dec 20,1676.67,1596.83,1696.16,1550.15,262.77M,5.00%,F Bygge og anlæg,2278
Jan 21,1612.51,1688.28,1716.25,1562.23,302.49M,-3.83%,F Bygge og anlæg,2322
Feb 21,1606.86,1624.01,1718.31,1591.09,260.42M,-0.35%,F Bygge og anlæg,2234
Mar 21,1689.80,1626.38,1702.77,1533.93,338.98M,5.16%,F Bygge og anlæg,2674
Apr 21,1766.36,1704.77,1812.53,1677.97,259.97M,4.53%,F Bygge og anlæg,2777
May 21,1793.05,1773.64,1815.78,1710.61,324.85M,1.51%,F Bygge og anlæg,3027
Jun 21,1860.41,1797.37,1879.07,1768.64,291.59M,3.76%,F Bygge og anlæg,3053
Jul 21,1925.60,1875.60,1938.04,1855.74,278.61M,3.50%,F Bygge og anlæg,3327
Aug 21,1975.24,1931.97,2023.45,1915.99,287.50M,2.58%,F Bygge og anlæg,3333
Sep 21,1880.62,1989.58,2021.42,1877.43,270.41M,-4.79%,F Bygge og anlæg,2754
Oct 21,1971.32,1861.32,1981.68,1801.92,269.99M,4.82%,F Bygge og anlæg,2940
Nov 21,1882.55,1980.79,2020.69,1852.94,338.74M,-4.50%,F Bygge og anlæg,2732
Dec 21,1965.65,1886.86,1972.09,1807.49,269.75M,4.41%,F Bygge og anlæg,2860
Jan 19,1035.62,994.45,1056.80,988.94,280.50M,4.09%,All Industry Types,1035.62
Feb 19,1100.56,1041.05,1104.53,1041.05,270.80M,6.27%,All Industry Types,1100.56
Mar 19,1122.87,1101.34,1139.39,1100.29,243.35M,2.03%,All Industry Types,1122.87
Apr 19,1149.69,1123.39,1161.80,1123.39,237.93M,2.39%,All Industry Types,1149.69
May 19,1097.12,1151.09,1157.96,1094.74,302.44M,-4.57%,All Industry Types,1097.12
Jun 19,1122.77,1096.56,1146.86,1076.68,294.42M,2.34%,All Industry Types,1122.77
Jul 19,1124.37,1122.85,1163.51,1116.47,242.62M,0.14%,All Industry Types,1124.37
Aug 19,1133.69,1124.19,1147.81,1086.52,314.68M,0.83%,All Industry Types,1133.69
Sep 19,1141.65,1133.90,1162.17,1122.68,288.18M,0.70%,All Industry Types,1141.65
Oct 19,1149.41,1142.29,1159.70,1092.23,283.47M,0.68%,All Industry Types,1149.41
Nov 19,1218.78,1149.82,1227.83,1148.95,310.75M,6.04%,All Industry Types,1218.78
Dec 19,1253.90,1219.24,1265.38,1212.24,208.96M,2.88%,All Industry Types,1253.90
Jan 20,1277.80,1254.21,1304.56,1219.64,273.48M,1.91%,All Industry Types,1277.80
Feb 20,1218.70,1276.29,1390.30,1201.33,324.51M,-4.63%,All Industry Types,1218.70
Mar 20,1126.50,1243.34,1292.59,959.72,628.71M,-7.57%,All Industry Types,1126.50
Apr 20,1234.96,1112.50,1246.19,1095.65,386.22M,9.63%,All Industry Types,1234.96
May 20,1327.01,1218.45,1336.64,1201.10,393.90M,7.45%,All Industry Types,1327.01
Jun 20,1347.89,1341.32,1380.37,1285.87,362.80M,1.57%,All Industry Types,1347.89
Jul 20,1423.63,1352.95,1481.03,1345.79,276.37M,5.62%,All Industry Types,1423.63
Aug 20,1479.43,1421.41,1495.07,1419.77,264.79M,3.92%,All Industry Types,1479.43
Sep 20,1508.36,1481.69,1516.25,1425.86,275.52M,1.96%,All Industry Types,1508.36
Oct 20,1485.11,1513.79,1605.89,1453.16,280.09M,-1.54%,All Industry Types,1485.11
Nov 20,1596.78,1496.98,1629.67,1476.99,369.86M,7.52%,All Industry Types,1596.78
Dec 20,1676.67,1596.83,1696.16,1550.15,262.77M,5.00%,All Industry Types,1676.67
Jan 21,1612.51,1688.28,1716.25,1562.23,302.49M,-3.83%,All Industry Types,1612.51
Feb 21,1606.86,1624.01,1718.31,1591.09,260.42M,-0.35%,All Industry Types,1606.86
Mar 21,1689.80,1626.38,1702.77,1533.93,338.98M,5.16%,All Industry Types,1689.80
Apr 21,1766.36,1704.77,1812.53,1677.97,259.97M,4.53%,All Industry Types,1766.36
May 21,1793.05,1773.64,1815.78,1710.61,324.85M,1.51%,All Industry Types,1793.05
Jun 21,1860.41,1797.37,1879.07,1768.64,291.59M,3.76%,All Industry Types,1860.41
Jul 21,1925.60,1875.60,1938.04,1855.74,278.61M,3.50%,All Industry Types,1925.60
Aug 21,1975.24,1931.97,2023.45,1915.99,287.50M,2.58%,All Industry Types,1975.24
Sep 21,1880.62,1989.58,2021.42,1877.43,270.41M,-4.79%,All Industry Types,1880.62
Oct 21,1971.32,1861.32,1981.68,1801.92,269.99M,4.82%,All Industry Types,1971.32
Nov 21,1882.55,1980.79,2020.69,1852.94,338.74M,-4.50%,All Industry Types,1882.55
Dec 21,1965.65,1886.86,1972.09,1807.49,269.75M,4.41%,All Industry Types,1965.65
